{"cameraMode":{"drawMode":0,"name":"Shaded","section":"Shading Mode"},"sceneLighting":true,"audioPlay":false,"sceneViewState":{"m_AlwaysRefresh":false,"showFog":true,"showSkybox":true,"showFlares":true,"showImageEffects":true,"showParticleSystems":true,"showVisualEffectGraphs":true,"m_FxEnabled":true},"in2DMode":false,"pivot":{"x":2.3682451248168947,"y":30.03838348388672,"z":25.602880477905275},"rotation":{"x":0.5930494666099548,"y":0.04510946944355965,"z":-0.033305902034044269,"w":0.8032140135765076},"size":30.17962074279785,"orthographic":false}